<metadata>
	<idinfo>
		<keywords>
			<theme>
				<themekt>ISO 19115 Topic Category</themekt>
				<themekey>biota</themekey>
				<themekey>boundaries</themekey>
				<themekey>environment</themekey>
				<themekey>location</themekey>
			</theme>
			<theme>
				<themekt>EPA GIS Keyword Thesaurus</themekt>
				<themekey>Ecosystem</themekey>
				<themekey>Environment</themekey>
				<themekey>Management</themekey>
				<themekey>Natural Resources</themekey>
				<themekey>Surface Water</themekey>
			</theme>
			<place>
				<placekt>None</placekt>
				<placekey>United States</placekey>
			</place>
			<theme>
				<themekt>User</themekt>
			</theme>
		</keywords>
		<citation>
			<citeinfo>
				<title>Level III Ecoregions of EPA Region 9</title>
				<geoform>vector digital data</geoform>
				<origin>US Environmental Protection Agency</origin>
				<pubinfo>
					<publish>U.S. EPA Office of Research and Development (ORD) - National Health and Environmental Effects Research Laboratory (NHEERL) </publish>
					<pubplace>Corvallis, OR</pubplace>
				</pubinfo>
				<pubdate>2013</pubdate>
				<onlink>ftp://ftp.epa.gov/wed/ecoregions/reg9/reg9_eco_l3.zip</onlink>
				<onlink>http://edg.epa.gov</onlink>
			</citeinfo>
		</citation>
		<descript>
			<abstract>Ecoregions for EPA Administrative Regions were extracted from the seamless national shapefile. Ecoregions denote areas of general similarity in ecosystems and in the type, quality, and quantity of environmental resources. They are designed to serve as a spatial framework for the research, assessment, management, and monitoring of ecosystems and ecosystem components. These general purpose regions are critical for structuring and implementing ecosystem management strategies across federal agencies, state agencies, and nongovernment organizations that are responsible for different types of resources within the same geographical areas. The approach used to compile this map is based on the premise that ecological regions can be identified through the analysis of patterns of biotic and abiotic phenomena, including geology, physiography, vegetation, climate, soils, land use, wildlife, and hydrology. The relative importance of each characteristic varies from one ecological region to another. A Roman numeral hierarchical scheme has been adopted for different levels for ecological regions. Level I is the coarsest level, dividing North America into 15 ecological regions. Level II divides the continent into 50 regions (Commission for Environmental Cooperation Working Group, 1997). At Level III, the continental United States contains 105 regions whereas the conterminous United States has 85 (U.S. Environmental Protection Agency, 2011). Level IV ecoregions are further subdivisions of Level III ecoregions. Methods used to define the ecoregions are explained in Omernik (1995, 2004), Omernik and others (2000), and Gallant and others (1989).

	Literature cited: 
	Commission for Environmental Cooperation Working Group, 1997, Ecological regions of North America- toward a common perspective: Montreal, Commission for Environmental Cooperation, 71 p. 

	Gallant, A. L., Whittier, T.R., Larsen, D.P., Omernik, J.M., and Hughes, R.M., 1989, Regionalization as a tool for managing environmental resources: Corvallis, Oregon, U.S. Environmental Protection Agency, EPA/600/3-89/060, 152p. 

	Omernik, J.M., 1995, Ecoregions - a framework for environmental management, in Davis, W.S. and Simon, T.P., eds., Biological assessment and criteria-tools for water resource planning and decision making: Boca Raton, Florida, Lewis Publishers, p.49-62. 

	Omernik, J.M., Chapman, S.S., Lillie, R.A., and Dumke, R.T., 2000, Ecoregions of Wisconsin: Transactions of the Wisconsin Academy of Science, Arts, and Letters, v. 88, p. 77-103. 

	Omernik, J.M., 2004, Perspectives on the nature and definitions of ecological regions: Environmental Management, v. 34, Supplement 1, p. s27-s38. 

	U.S. Environmental Protection Agency. 2011. Level III and IV ecoregions of the continental United States. U.S. EPA, National Health and Environmental Effects Research Laboratory, Corvallis, Oregon, Map scale 1:3,000,000. Available online at: http://www.epa.gov/wed/pages/ecoregions/level_iii_iv.htm.
Comments and questions regarding Ecoregions should be addressed to Glenn Griffith, USGS, c/o US EPA., 200 SW 35th Street, Corvallis, OR 97333, (541)-754-4465, email:griffith.glenn@epa.gov Alternate: James Omernik, USGS, c/o US EPA, 200 SW 35th Street, Corvallis, OR 97333, (541)-754-4458, email:omernik.james@epa.gov</abstract>
			<purpose>Ecoregion maps assist managers of aquatic and terrestrial resources to understand the regional patterns of the realistically attainable quality of these resources</purpose>
			<supplinf>Electronic versions of ecoregion maps and posters as well as other ecoregion resources are available at:  http://www.epa.gov/wed/pages/ecoregions.htm.  Ecoregions were digitized at 1:250,000 or smaller scales and are intended for large geographic extents (i.e. states, multiple counties, or river basins).  Use for smaller areas, such as individual counties or a 1:24,000 scale map boundary, is not recommended.</supplinf>
		</descript>
		<spdom>
			<bounding>
				<westbc>-125.012651</westbc>
				<eastbc>-108.138986</eastbc>
				<northbc>44.278032</northbc>
				<southbc>29.34366</southbc>
			</bounding>
		</spdom>
		<accconst>None</accconst>
		<useconst>None</useconst>
		<native>Microsoft Windows XP Version 5.1 (Build 2600) Service Pack 3; ESRI ArcGIS 10.0.3.3600</native>
		<timeperd>
			<current>Publication date</current>
			<timeinfo>
				<sngdate>
					<caldate>20130416</caldate>
				</sngdate>
			</timeinfo>
		</timeperd>
		<status>
			<progress>Complete</progress>
			<update>As needed</update>
		</status>
		<secinfo>
			<secsys>FIPS Pub 199</secsys>
			<secclass>No Confidentiality</secclass>
			<sechandl>Standard Technical Controls</sechandl>
		</secinfo>
		<ptcontac>
			<cntinfo>
				<cntperp>
					<cntorg>U.S. Environmental Protection Agency, Office of Research and Development, National Health and Environmental Effects Research Laboratory (NHEERL)</cntorg>
					<cntper>Marc Weber</cntper>
				</cntperp>
				<cntpos>GIS Analyst</cntpos>
				<cntaddr>
					<addrtype>mailing address</addrtype>
					<address>200 S.W. 35th Street</address>
					<city>Corvallis</city>
					<state>OR</state>
					<postal>97333</postal>
				</cntaddr>
				<cntvoice>(541) 754-4469</cntvoice>
				<cntemail>weber.marc@epa.gov</cntemail>
				<cntinst>http://www.epa.gov/nheerl/</cntinst>
			</cntinfo>
		</ptcontac>
	</idinfo>
	<spdoinfo>
		<direct>Vector</direct>
		<ptvctinf/>
	</spdoinfo>
	<spref>
		<horizsys>
			<planar>
				<planci>
					<plance>coordinate pair</plance>
					<coordrep>
						<absres>0.0000000037527980722984474</absres>
						<ordres>0.0000000037527980722984474</ordres>
					</coordrep>
					<plandu>Meter</plandu>
				</planci>
			</planar>
			<geodetic>
				<horizdn>D North American 1983</horizdn>
				<ellips>GRS 1980</ellips>
				<semiaxis>6378137.0</semiaxis>
				<denflat>298.257222101</denflat>
			</geodetic>
		</horizsys>
	</spref>
	<eainfo>
		<detailed>
			<enttyp>
				<enttypl>reg9_eco_l3</enttypl>
				<enttypd>shapefile name</enttypd>
				<enttypds>US Environmental Protection Agency</enttypds>
			</enttyp>
			<attr>
				<attrlabl>FID</attrlabl>
				<attrdef>Internal feature number.</attrdef>
				<attrdefs>ESRI</attrdefs>
				<attrdomv>
					<rdom>
						<rdommin>0</rdommin>
						<rdommax>85</rdommax>
					</rdom>
					<udom>Sequential unique whole numbers that are automatically generated.</udom>
				</attrdomv>
			</attr>
			<attr>
				<attrlabl>Shape</attrlabl>
				<attrdef>Feature geometry.</attrdef>
				<attrdefs>ESRI</attrdefs>
				<attrdomv>
					<udom>Coordinates defining the features.</udom>
				</attrdomv>
			</attr>
			<attr>
				<attrlabl>US_L3CODE</attrlabl>
				<attrdef>Code for Level III Ecoregion (US)</attrdef>
				<attrdefs>USEPA</attrdefs>
				<attrdomv>
					<udom>unique code</udom>
				</attrdomv>
			</attr>
			<attr>
				<attrlabl>US_L3NAME</attrlabl>
				<attrdef>Name for Level III Ecoregion (US)</attrdef>
				<attrdefs>USEPA</attrdefs>
				<attrdomv>
					<udom>unique name</udom>
				</attrdomv>
			</attr>
			<attr>
				<attrlabl>NA_L3CODE</attrlabl>
				<attrdef>Code for Level III Ecoregion (North America/CEC)</attrdef>
				<attrdefs>CEC</attrdefs>
				<attrdomv>
					<udom>unique code</udom>
				</attrdomv>
			</attr>
			<attr>
				<attrlabl>NA_L3NAME</attrlabl>
				<attrdef>Name for Level III Ecoregion (North America/CEC)</attrdef>
				<attrdefs>CEC</attrdefs>
				<attrdomv>
					<udom>unique name</udom>
				</attrdomv>
			</attr>
			<attr>
				<attrlabl>NA_L2CODE</attrlabl>
				<attrdef>Code for Level II Ecoregion (North America/CEC)</attrdef>
				<attrdefs>CEC</attrdefs>
				<attrdomv>
					<udom>unique code</udom>
				</attrdomv>
			</attr>
			<attr>
				<attrlabl>NA_L2NAME</attrlabl>
				<attrdef>Name for Level II Ecoregion (North America/CEC)</attrdef>
				<attrdefs>CEC</attrdefs>
				<attrdomv>
					<udom>unique name</udom>
				</attrdomv>
			</attr>
			<attr>
				<attrlabl>NA_L1CODE</attrlabl>
				<attrdef>Code for Level I Ecoregion (North America/CEC)</attrdef>
				<attrdefs>CEC</attrdefs>
				<attrdomv>
					<udom>unique code</udom>
				</attrdomv>
			</attr>
			<attr>
				<attrlabl>NA_L1NAME</attrlabl>
				<attrdef>Name for Level I Ecoregion (North America/CEC)</attrdef>
				<attrdefs>CEC</attrdefs>
				<attrdomv>
					<udom>unique name</udom>
				</attrdomv>
			</attr>
			<attr>
				<attrlabl>STATE_NAME</attrlabl>
				<attrdef>Name of State (US)</attrdef>
				<attrdefs>ESRI</attrdefs>
				<attrdomv>
					<udom>unique name</udom>
				</attrdomv>
			</attr>
			<attr>
				<attrlabl>EPA_REGION</attrlabl>
				<attrdef>EPA Administrative Region</attrdef>
				<attrdefs>USEPA</attrdefs>
				<attrdomv>
					<rdom>
						<rdommin>1</rdommin>
						<rdommax>10</rdommax>
					</rdom>
				</attrdomv>
			</attr>
			<attr>
				<attrlabl>L3_KEY</attrlabl>
				<attrdef>US Level III Code and Name for Legend, color layer/style file</attrdef>
				<attrdefs>USEPA</attrdefs>
				<attrdomv>
					<udom>unique code plus name</udom>
				</attrdomv>
			</attr>
			<attr>
				<attrlabl>L2_KEY</attrlabl>
				<attrdef>NA Level II Code and Name for Legend, color layer/style file</attrdef>
				<attrdefs>USEPA</attrdefs>
				<attrdomv>
					<udom>unique code plus name</udom>
				</attrdomv>
			</attr>
			<attr>
				<attrlabl>L1_KEY</attrlabl>
				<attrdef>NA Level I Code and Name for Legend, color layer/style file</attrdef>
				<attrdefs>USEPA</attrdefs>
				<attrdomv>
					<udom>unique code plus name</udom>
				</attrdomv>
			</attr>
		</detailed>
		<overview>
			<eaover>Ecoregions are hierarchical, with Level IV being the most detailed and Level I defining the broadest classifications.  Because of this hierarchy, Level IV features include appropriate codes and names for Levels III,  II, and I.    Likewise, Level III features contain Levels II and I, and Level II retains Level I information.  Attributes pertaining to Level IV are only available for the Conterminous United States (US_).  Level III has  attributes for the US and North America (NA_) while Levels II and I apply to only  North America.   All features are identified by State and EPA Administrative Regions, as well.   Fields ending with "KEY" combine ecoregion code and name attributes for convenient legends and are linked to style and layer files containing color definitions.</eaover>
			<eadetcit>none</eadetcit>
		</overview>
	</eainfo>
	<metainfo>
		<metd>20120426</metd>
		<metstdn>FGDC Content Standard for Digital Geospatial Metadata</metstdn>
		<metstdv>FGDC-STD-001-1998</metstdv>
		<mettc>local time</mettc>
		<metfrd>20160426</metfrd>
		<metc>
			<cntinfo>
				<cntperp>
					<cntorg>U.S. Environmental Protection Agency, Office of Research and Development, National Health and Environmental Effects Research Laboratory (NHEERL)</cntorg>
					<cntper>Marc Weber</cntper>
				</cntperp>
				<cntpos>GIS Analyst</cntpos>
				<cntaddr>
					<addrtype>mailing address</addrtype>
					<address>200 S.W. 35th Street</address>
					<city>Corvallis</city>
					<state>OR</state>
					<postal>97333</postal>
				</cntaddr>
				<cntvoice>(541) 754-4469</cntvoice>
				<cntemail>weber.marc@epa.gov</cntemail>
				<cntinst>http://www.epa.gov/nheerl/</cntinst>
			</cntinfo>
		</metc>
	</metainfo>
	<dataqual>
		<logic>Although ecoregion polygons and attributes have been checked for accuracy, some errors may remain. Polygons along state borders were reviewed and updated, May 2010.  ARC/INFO software is used to create and maintain topological relationships.</logic>
		<complete>Unknown</complete>
		<posacc>
			<horizpa>
				<horizpar>Data were collected using methods that have unknown accuracy (EPA National Geospatial Data Policy [NGDP] Accuracy Tier 10). For more information, please see EPA's NGDP at http://epa.gov/geospatial/policies.html</horizpar>
			</horizpa>
		</posacc>
		<lineage>
			<procstep>
				<procdate>2011</procdate>
				<procdesc>1) U.S.G.S. 1:250,000 topographic maps are used to delineate the ecoregions. The lines drawn are manually digitized or scanned to produce georeferenced electronic files.</procdesc>
			</procstep>
			<procstep>
				<procdate>2011</procdate>
				<procdesc>2) All base maps are joined together and errors along the edges are resolved.</procdesc>
			</procstep>
			<procstep>
				<procdate>2011</procdate>
				<procdesc>3) Topology is established and the maps are reviewed for accuracy, completeness, and conformity with the original lines. Corrections are made as needed and topology regenerated.</procdesc>
			</procstep>
			<procstep>
				<procdate>2011</procdate>
				<procdesc>4) Attributes are added.</procdesc>
			</procstep>
			<procstep>
				<procdate>2011</procdate>
				<procdesc>5) Maps are plotted for visual inspection by two individuals and necessary changes made.</procdesc>
			</procstep>
			<procstep>
				<procdate>2011</procdate>
				<procdesc>6) Ecoregions from all available states are merged and dissolved to identify and correct inconsistencies.</procdesc>
			</procstep>
			<procstep>
				<procdate>2011</procdate>
				<procdesc>7) Polygons of the corrected seamless ecoregion features are extended beyond the coastal borders.</procdesc>
			</procstep>
			<procstep>
				<procdate>2011</procdate>
				<procdesc>8) State and Ecoregion datasets are intersected.</procdesc>
			</procstep>
			<procstep>
				<procdate>2011</procdate>
				<procdesc>9) Topology errors removed.</procdesc>
			</procstep>
			<procstep>
				<procdate>2011</procdate>
				<procdesc>10) Final QA</procdesc>
			</procstep>
			<procstep>
				<procdate>2011</procdate>
				<procdesc>11) Select EPA region from national geodatabase</procdesc>
			</procstep>
			<procstep>
				<procdate>2012</procdate>
				<procdesc>12) metadata</procdesc>
			</procstep>
			<procstep>
				<procdate>2013</procdate>
				<procdesc>13) Updated Arizona Level III and IV ecoregion polygons and metadat.</procdesc>
			</procstep>
		</lineage>
	</dataqual>
	<distinfo>
		<resdesc>Downloadable Data</resdesc>
		<distliab>Although these data have been processed successfully on a computer system at the Environmental Protection Agency, no warranty expressed or implied is made regarding the accuracy or utility of the data on any other system or for general or scientific purposes, nor shall the act of distribution constitute any such warranty. It is also strongly recommended that careful attention be paid to the contents of the metadata file associated with these data to evaluate data set limitations, restrictions or intended use. The U.S. Environmental Protection Agency shall not be held liable for improper or incorrect use of the data described and/or contained herein.</distliab>
		<distrib>
			<cntinfo>
				<cntorgp>
					<cntorg>U.S. Environmental Protection Agency, Office of Research and Development, National Health and Environmental Effects Research Laboratory (NHEERL)</cntorg>
					<cntper>Marc Weber</cntper>
				</cntorgp>
				<cntpos>GIS Analyst</cntpos>
				<cntaddr>
					<addrtype>mailing address</addrtype>
					<address>200 S.W. 35th Street</address>
					<city>Corvallis</city>
					<state>OR</state>
					<postal>97333</postal>
				</cntaddr>
				<cntvoice>(541) 754-4469</cntvoice>
				<cntemail>weber.marc@epa.gov</cntemail>
				<cntinst>http://www.epa.gov/nheerl/</cntinst>
			</cntinfo>
		</distrib>
	</distinfo>
	<dataIdInfo>
		<envirDesc>Microsoft Windows XP Version 5.1 (Build 2600) Service Pack 3; Esri ArcGIS 10.1.1.3143</envirDesc>
		<dataLang>
			<languageCode value="en"/>
			<countryCode value="US"/>
		</dataLang>
		<idCitation>
			<resTitle>reg9_eco_l3</resTitle>
			<presForm>
				<PresFormCd value="005"/>
			</presForm>
		</idCitation>
		<spatRpType>
			<SpatRepTypCd value="001"/>
		</spatRpType>
		<dataExt>
			<geoEle>
				<GeoBndBox esriExtentType="search">
					<exTypeCode>1</exTypeCode>
					<westBL>-125.012651</westBL>
					<eastBL>-108.138986</eastBL>
					<northBL>44.278032</northBL>
					<southBL>29.343660</southBL>
				</GeoBndBox>
			</geoEle>
		</dataExt>
	</dataIdInfo>
	<mdLang>
		<languageCode value="en"/>
		<countryCode value="US"/>
	</mdLang>
	<distInfo>
		<distFormat>
			<formatName>Shapefile</formatName>
		</distFormat>
		<distTranOps>
			<transSize>3.864</transSize>
		</distTranOps>
	</distInfo>
	<mdHrLv>
		<ScopeCd value="005"/>
	</mdHrLv>
	<mdHrLvName>dataset</mdHrLvName>
	<refSysInfo>
		<RefSystem>
			<refSysID>
				<identCode code="102039"/>
				<idCodeSpace>ESRI</idCodeSpace>
				<idVersion>10.1.1</idVersion>
			</refSysID>
		</RefSystem>
	</refSysInfo>
	<spatRepInfo>
		<VectSpatRep>
			<geometObjs>
				<geoObjTyp>
					<GeoObjTypCd value="002"/>
				</geoObjTyp>
				<geoObjCnt>85</geoObjCnt>
			</geometObjs>
			<topLvl>
				<TopoLevCd value="001"/>
			</topLvl>
		</VectSpatRep>
	</spatRepInfo>
	<mdDateSt>20130416</mdDateSt>
</metadata>
